,train,test
rmse,2.878827612953245,2.878827612953245
corr,0.8345185006746119,0.8345185006746119
